,User,Openness,Conscientiousness,Extraversion,Agreeableness,Emotional range
0,12gaBrowningGal,0.764999235761926,0.6561442672005398,0.5489564690834196,0.7888038291926602,0.43957947181866197
1,15Stepz,0.748124423632733,0.6907164040640071,0.5648593074044694,0.823930377023966,0.4107696573154497
2,16_MileyCyrus,0.6728142359489689,0.6377727136429083,0.5256124221781354,0.8110254268473569,0.5637042957355914
3,18percentgrey,0.7894116878063988,0.6078831960968902,0.5281675937554057,0.7725175965820948,0.461528037163878
4,19fischi75,0.7069043838031275,0.6271089454160721,0.44747133031428954,0.8032323405146015,0.518279261862426
5,1ChazD,0.7186379665381438,0.6812790308754306,0.5710975609037963,0.7889710524701483,0.4846058051703336
6,1azylizzie,0.7140305927366429,0.5538815364531569,0.46842918228793373,0.7427325268236464,0.6560675654564795
7,1flyharmony,0.7025561629315984,0.6245734422857894,0.5352264819713332,0.7968796301733914,0.588852656300696
8,24cotton,0.7557317636269987,0.6321840529107443,0.5943730624135648,0.8170012942682465,0.5672898639919465
9,2NiteBoy,0.6935007690481324,0.6254469877433753,0.531674358134649,0.764473547190869,0.432516320705138
10,2emc,0.7668720279168669,0.7140610755277452,0.5421419186452796,0.8149808667300709,0.40414589154901515
11,30STMWithJared,0.7174800802507414,0.6705329949534198,0.5607741899007422,0.8301812013589998,0.4864402002415579
12,30STMluva,0.7264626270162151,0.6779857694019304,0.5285080023381932,0.7937426393529535,0.3424215007019503
13,3CB,0.7339942694245409,0.611394166722672,0.5098989679126134,0.7654637020101325,0.5756177912831019
14,420thoughts,0.7502200529479517,0.5917272682170346,0.4771058790832975,0.7705020535136781,0.542148852597529
15,4_s_m_4,0.6491129646051292,0.595169550726937,0.44131278506739263,0.7077198431552979,0.6444070831461323
16,4evaurgirl,0.7057371197665379,0.5913520002054168,0.509819713574366,0.7931415814105971,0.4759503103078456
17,4everequine,0.7166431095400528,0.6731356728556407,0.545528225695522,0.7352000503589353,0.4319082439068195
18,5toSucceed,0.7168240718477076,0.6836564782493355,0.5937585957728999,0.8443014913106865,0.3232015955786641
19,80smusicthebest,0.740566413752398,0.6294943135018994,0.6314906291444707,0.8603011770494192,0.5310100428390475
20,82kg,0.7186038648963761,0.5564398704073686,0.4571225810011131,0.7029374846288485,0.659649649267409
21,87sal87,0.7112939903431791,0.616432827234569,0.535476066725645,0.8625252230020413,0.47093267250224125
22,90rachal,0.6737442048207344,0.5414317138906068,0.4727483925618208,0.7365636430872412,0.6252649524138197
23,9MMNINAROSS,0.7402444424778273,0.6172287696737768,0.4973371452860097,0.7518734827452118,0.5019244214192907
24,AAmyHaanson,0.7194603636782421,0.6208948932591917,0.5211537855478753,0.777935023903122,0.6049755733414889
25,ABCeCe,0.7263042782702094,0.6193171510878176,0.4894315457006542,0.7697717231416834,0.3753703611205145
26,ABZQuine,0.6857497714071983,0.5894179075707506,0.48223948848004955,0.7490466998906986,0.624295073557762
27,ABabyBlueEyes,0.7294380088137327,0.6795272363067488,0.6323945182436932,0.890233661329685,0.5124829662202165
28,ACRead,0.7890161738713178,0.6837523358144485,0.4895332233126817,0.7770544751232212,0.4696785149510573
29,AClockworkToad,0.783769543926206,0.6304642219899389,0.5718922243657139,0.7668508183584748,0.4780800517837006
30,ACsBarbieGirl69,0.6675334592730491,0.5222511857803456,0.4439658086664193,0.7071914533644723,0.7038028744743284
31,ADrunkReaper,0.735006878180533,0.5666647594050426,0.38781367293193764,0.7018987895013953,0.5096412678661734
32,AFMikey413,0.7180277421110843,0.7118080057552892,0.5902570125570712,0.7938595496193568,0.40170570778313086
33,AJuOnLiNE,0.7560935874584029,0.63834345952192,0.5114221877036556,0.7370197244250154,0.5029829231852373
34,AMF7,0.7556564809278398,0.6588043115173483,0.499961884071935,0.7675319000771412,0.469349969096727
35,ANGELJACKIE44,0.765135531027514,0.6612806464102288,0.5948074643385846,0.8556445134097036,0.4715496809619578
36,APerchedDove,0.7342739834287997,0.5019173599651051,0.423865276769997,0.7627403588788838,0.6114619383346896
37,ARE_OH_ES_ES,0.7329414691935164,0.6651409557910334,0.5557186500428969,0.7861653723776914,0.4122066993775503
38,ARoadRetraveled,0.7347126919481866,0.6532395547885226,0.5253482061201595,0.7718715343207156,0.4474991539256953
39,ASinisterDuck,0.6426785620088995,0.5951177755182271,0.4414791061633969,0.6563986780168457,0.5528871682928281
40,ATsLady,0.7482587564738461,0.7409802600734909,0.6229274045556209,0.8867876436847375,0.3483384571354241
41,AZBlueEyes,0.7385010237463311,0.6771809213342372,0.5462351383257227,0.8621048727144045,0.4522648457292403
42,A_RAVEN,0.7338956029626557,0.5660900058822709,0.4539326754935178,0.7046305867094013,0.4359118968419592
43,AaL17,0.7067109371439119,0.6221206016726509,0.4999219381638631,0.8193240418024926,0.5250031527410121
44,AaliyahLove69,0.7301664476426513,0.6084994645275145,0.5236045227652842,0.7488955617683046,0.49424318210913876
45,AbbieFletcher_,0.6955933716813425,0.6711472918688365,0.5382359290324887,0.82669161249518,0.5614933000022878
46,Abbie_xD,0.7112301630305502,0.6201048347134532,0.5287140119487189,0.7877335896080148,0.554164710299973
47,Abby_ox,0.6452322717539168,0.5186215848517636,0.3955602470545666,0.6605743338434402,0.7737419292850104
48,Abcmsaj,0.7246871374989741,0.5666532414224065,0.41832054292065607,0.6461341686598687,0.5842672574276525
49,AberdeenUK,0.6807810020417024,0.5884433412615534,0.41250508121523727,0.719316571745367,0.6167585348835244
50,Aboundlessworld,0.7331801177253306,0.6479939144841235,0.5626705999417109,0.8017598035249112,0.5923525735806526
51,AceBlack,0.7573825059324422,0.6473588717768962,0.5681855998893305,0.7519339119188034,0.5247366010780089
52,AceMas21,0.7217945009312978,0.6549713882195155,0.5329367019204806,0.8789775807073787,0.5002736542033842
53,AdageBusiness,0.6962995011544718,0.6601029651116532,0.5048628691111643,0.7149425397080857,0.5812207808730013
54,AdamBMusic,0.7057141610769576,0.5357999980786831,0.44622784692415784,0.7277730870403312,0.6000636768526112
55,AdamSatayer,0.7435027159722922,0.5116186497769363,0.4307738058320746,0.7091538048888681,0.6766463418842305
56,Adam__Carter,0.7023811804158862,0.6204294336796397,0.47882883488276917,0.7839442037513998,0.49390049174021067
57,Adamfyre,0.7948548891428485,0.719809144169924,0.691445720290633,0.9134380083473455,0.42548806068006806
58,AddictedToJones,0.7067261419761132,0.6753944282662876,0.6206574125897861,0.8727640646380805,0.43353161698481324
59,AddieBef,0.689540018572871,0.6266560161012807,0.47499162817561236,0.7078072120575628,0.5852687573606387
60,AdorkableMellie,0.6997201973706101,0.6735347565989555,0.49171641687759343,0.838836548442869,0.5058165026503557
61,AdrienneNycole,0.7082646161534281,0.5942849416980238,0.5174000876983005,0.7458294820677127,0.6309353096924054
62,Aella_234,0.7511711484747403,0.509888054269025,0.4199307405212609,0.6839892409246175,0.6173280009621832
63,AgingBackwards,0.7064764574044256,0.6706336587832591,0.610592125180147,0.8671457443877686,0.44358932402620377
64,AgustinaP,0.7178575492744048,0.6622681083150479,0.5708713929121039,0.7776136890659815,0.6708310972963515
65,AimeeJ16,0.6981025158315055,0.6201644449551519,0.45296229980187713,0.7746877978130687,0.6365657889853237
66,AimyLeigh,0.7348481939047841,0.6068941985329598,0.47438875136173464,0.7895029255580848,0.49456605861324243
67,Aiysha,0.7496963593476168,0.5981230685173655,0.4390571120295569,0.7464238165645449,0.5250716533693959
68,AlOliver,0.7025384690415889,0.6094628883620904,0.5200576527795198,0.8135269183313705,0.552671330653895
69,Al_ice,0.7415127751668323,0.6219789169658079,0.4700109298582113,0.7493230179570309,0.5550035611397538
70,Alaerys,0.7579944038547939,0.6435020084410117,0.5166663080588633,0.7899982451285372,0.4301352700730531
71,AlbertoConde777,0.7776666807391835,0.6709532616094175,0.5196729567416265,0.776519191675388,0.4919235349083463
72,AleCherry,0.6587982746057471,0.5587572566618217,0.4451614942448535,0.7476173145876633,0.6994079326873622
73,AlexLJ,0.7553991971962934,0.6085478948668466,0.5200304663977442,0.7571802220939277,0.5699502822454198
74,AlexNevamind,0.7304384828289621,0.578081607494743,0.5205856616680374,0.737220593069081,0.6021134637940916
75,AlexTrup,0.7775850465673584,0.6113284059254053,0.5465582174801398,0.7675736695838862,0.5366818450666079
76,AlexandraMcFLY,0.7337064194677146,0.6367075121929824,0.560578000909895,0.8096977953297773,0.4593644383653105
77,AlexisMarie23,0.7287255385373771,0.6606938495963017,0.5711569197603891,0.8835599821486986,0.3397238017217544
78,AliGraysAnatomy,0.7413398707593503,0.5987464187011478,0.44688216524330093,0.7539989684844782,0.5420724940136322
79,Ali_xxxxxx,0.6955887367922556,0.5516224034524676,0.49394887666875026,0.7336569073941356,0.4879951064573843
80,AliceAguera,0.7181448660524667,0.5617263962132892,0.4548052789244035,0.7464188746452112,0.6509612033799014
81,AliciaVelasquez,0.6423208229010848,0.625959092691729,0.49125318639644827,0.7741451376661188,0.7438901322406023
82,AliciaWag,0.7312744992001595,0.6594199877494249,0.5365151596114289,0.8005997794341733,0.5776119156317611
83,Alicia_vintage,0.6633312986415707,0.5181744688279329,0.4384446724013733,0.7589835272298548,0.6829162128897165
84,Alisha_Herself,0.6872909822811207,0.59713248870866,0.4281152146988251,0.688273248536293,0.682201922863212
85,AllTheSausages,0.7936295347497141,0.5997391471846787,0.5288654800047028,0.711501878944903,0.7249780795755368
86,Alleexx1995,0.7121247524416702,0.5728118410857989,0.5030552843509757,0.7687842542516299,0.4875379592863899
87,AlluringBri,0.7045752665728563,0.5360220475712484,0.4941900628081314,0.7763590530286721,0.6504191598500467
88,Allyeska,0.7732763762935033,0.5801632006966321,0.5564769689622129,0.7558392709189772,0.6169891492014882
89,AlmaLaCubana,0.6756331027201998,0.5387894976891732,0.4411858088761005,0.7578187759858588,0.7541094143671371
90,Aloemilk,0.7290346577254097,0.6029516503327101,0.4256763514105629,0.7799838040873802,0.5355331675933582
91,AlohaArleen,0.7608524181185787,0.6508131118035791,0.5735445015905205,0.8276482265058434,0.44913945174643055
92,Alska,0.7133530362777267,0.5731009810466405,0.4206579263787725,0.712257092692566,0.5951904462064709
93,AlwaysMiley,0.7456935811105166,0.6071953994856749,0.5748134817521757,0.8235310677350534,0.6386046851533193
94,AlyYvonneG,0.6580044817471182,0.5416354261300813,0.3879066065902501,0.7098442993214953,0.7535608940974375
95,Alysiaisgay,0.6904064734967955,0.5876164547385185,0.5640515262561625,0.7607597601075485,0.6035287581415728
96,AlyssaNoelleD,0.7033156399081892,0.6881483096466818,0.5872889908922778,0.8753802864568996,0.3900977494419221
97,AlyxxDione,0.7022023884491859,0.6289099352289199,0.5324753948504524,0.780985620315304,0.47419130487474825
98,AmanduhhNicolee,0.697715473867027,0.5451083916629145,0.4723119148788302,0.7210566341005312,0.5690690532369741
99,AmaniBoo,0.7046453328136589,0.621967741217394,0.5197174125231603,0.7233953837451351,0.4006386113621131
100,Amaren88,0.6833840635965547,0.6631833111194256,0.4992314773910814,0.7865973300338368,0.5995751684589917
101,AmberCadabra,0.7401818595883458,0.6762442217480349,0.5959495048040264,0.8505167191428384,0.4104339349425222
102,Ambershine29,0.7326039660902207,0.6002803763319511,0.5516646969773062,0.8041959903387712,0.5361670786324749
103,AmericanYard,0.7183852783906263,0.7040764108923453,0.5747842057343735,0.8450646940914585,0.42600353838761984
104,Ames1103,0.724719639681202,0.6411932032613709,0.5437863761039525,0.7926028374865298,0.5929993484057808
105,AmiraLoveJonas1,0.7075459909275769,0.5494392478991765,0.4661550989463431,0.7245088073592583,0.5248478042279684
106,AmyAllTimeLow,0.7230052009452351,0.5905814732306487,0.4769784055016552,0.7738095680191983,0.5908042329088493
107,AmyFTW,0.7168861717254987,0.5738404057809028,0.5056121585138442,0.8060984660597372,0.572704633528827
108,AmyJade,0.7059962118514246,0.5620444167702755,0.42499753268557927,0.7077252912700764,0.5897276024492738
109,AmyPredsfan,0.7378188679506865,0.5834820478418227,0.4738024476657655,0.7239440677154543,0.5192395067070427
110,AmyStar92,0.6744985723892868,0.5815057584483078,0.4930086251342261,0.7311930415868906,0.6419251493593853
111,AmyTheFailWhale,0.6521112928512147,0.5299451008741755,0.37789966179507417,0.6889873829710473,0.6924293188837479
112,Amy_E_W,0.699327945445972,0.5412080828190196,0.5110822833535895,0.7718105345862873,0.6377719470365916
113,AnalystAlterEgo,0.7226573411524748,0.5829070048275184,0.4944016784180224,0.7894415326003763,0.5734141397662261
114,AncientSoul,0.7697206973060444,0.6592233614665564,0.4912270411045826,0.7945782697794559,0.44844542213037053
115,Andjelija,0.731990668494861,0.645384718215175,0.539425317367994,0.836042716947916,0.4782170286269233
116,AndrewBoland,0.6573076547066443,0.615554145616133,0.5044670543255345,0.7722075595661908,0.7335672665047083
117,AndyCarolan,0.7650788753129439,0.5856486981530308,0.4608679226626654,0.6942796640380888,0.5294359506728957
118,AndyGroenink,0.7789499900315027,0.7828889296639983,0.615702658286634,0.9082282303023945,0.4743703939625922
119,AngNewell77,0.6866870768436043,0.6452620304312165,0.5142076165532772,0.8378097737203305,0.5935995738737935
120,Angel42579,0.7238432524927625,0.6911759847606922,0.5657362207403519,0.8668349695961786,0.333528281459491
121,AngelIVXXX,0.7705973996552911,0.6610581919984513,0.5626091539430559,0.8016367127501036,0.41000426738106677
122,AngelMordeno,0.7155268488218696,0.671230832055281,0.5066753246954386,0.7580496168166292,0.5268942209876192
123,Angela_Webber_,0.7410501360314061,0.62870651386824,0.5149873177524757,0.8463805935589435,0.5090601964141624
124,Angelfish42,0.7361739172940052,0.5635905283513447,0.484880646153869,0.7199108972649452,0.6167349136650037
125,AngelicVampira,0.7064552950399132,0.642492717826439,0.4851504317054086,0.8441434329559534,0.561298329948856
126,Angelkiss283,0.7628251261266874,0.6975713307582296,0.5761322456011602,0.8771476617705092,0.34641355360798565
127,AngieCas,0.7159789566676452,0.6369995323127777,0.5932905491168999,0.8151453214487299,0.4997463323643577
128,AnikoHeartsJon,0.7332264449425138,0.6729903506320243,0.5514447980860897,0.8903760990951699,0.4384835564443085
129,Anime81,0.7341673965372723,0.5890593782821331,0.5270556717654592,0.8186494514309988,0.5437680495803766
130,AnnReyWil,0.7449698544536753,0.6273079393337238,0.4980626400048636,0.7636228911692227,0.4383513901752861
131,AnnSue,0.7261196331338753,0.6729276917464004,0.6056399759728338,0.7894494876055407,0.23210203265146967
132,AnneDouglas,0.7331610957146284,0.5603555376180323,0.41037667357406116,0.6684848487740173,0.5464231536844023
133,Anne_A4L,0.6524766347866986,0.5981026948508175,0.46743379591989453,0.7905018492373297,0.6237021522090357
134,AnniJB,0.7393919383654091,0.5694507107312284,0.4697005620214508,0.7650731947012508,0.5599319604775216
135,AnnieDAFG,0.7098048042498908,0.6258781984152507,0.5388863502258987,0.8026670598624074,0.4518839839595271
136,AnotherJulia,0.7253464270489127,0.6282821421020852,0.5107536782759701,0.7712047692398117,0.5651994869822742
137,AnouskaKersten,0.6874001586263899,0.6193343493229946,0.4338969048629242,0.714856485550736,0.533227754546194
138,AntonioReyX360,0.784754707476407,0.5937956112732681,0.6125053006101302,0.7241459044138057,0.4334937268117093
139,Apocalyptica,0.6882669077198115,0.6371375602462697,0.4814600349218002,0.6820335254353644,0.4840513782633534
140,AppleJuice1234,0.6867517757473234,0.5516686424131481,0.45071377931223455,0.7670812172980268,0.7531835071685448
141,Applechic,0.7624563127898057,0.7197407990008096,0.6331761705773991,0.8638674799168968,0.42444640894451646
142,Applecored,0.7021860519843571,0.6610888156208683,0.5371145967809005,0.8814363319387509,0.4728242157258945
143,AprilFilms,0.7638339662240037,0.6735666226563094,0.6552397198183235,0.8330864825999711,0.4663153959070113
144,Arantza92,0.6549436021230935,0.5781049460402968,0.4801064498907195,0.7920491502658638,0.7175811407813496
145,Arasphere,0.7221016986107509,0.701970429009313,0.577093409426397,0.8568531899669404,0.4135445693834944
146,Arcania,0.7295632963591452,0.6423623257647185,0.5094845963916133,0.82154469833923,0.33368789764804896
147,Archielover14,0.7044673400995931,0.5955959921085406,0.5127832738823931,0.8064066265110936,0.46451490145614593
148,AreonLee,0.7160128889898292,0.5997565679396835,0.4395263800752244,0.7367966808667661,0.5333369156864455
149,Arhum,0.6750099891727357,0.6531609129033773,0.44063077973176884,0.7355150135411026,0.5626094647774286
150,ArieleMoonfire,0.7231454083430379,0.5471092419456649,0.43729006547353655,0.7825450789267007,0.6112987965435485
151,AriesChild,0.7413965261752538,0.6739628194560117,0.5553221841465771,0.8346730924094299,0.3705342530642758
152,AritheMack,0.7337572214264413,0.5731569732698174,0.5546638073588399,0.7159511604636084,0.536047139513934
153,Arrilou,0.7460998358451117,0.49414510711019366,0.4208490608308427,0.725163292597933,0.6357427590462249
154,ArsenalSarah,0.7488592964193806,0.6366842165996895,0.45760658708816854,0.7961143138318556,0.4991966547779162
155,Art_Advisor,0.7649288647113756,0.7257044406766103,0.5748710329715653,0.8371870342934449,0.4501047080267687
156,Arti_Sodmg,0.7217903831847416,0.6488352894861321,0.5686992124952346,0.7942649667043085,0.4348130377361533
157,ArunBasilLal,0.7536999560424783,0.6544384672150995,0.49913037550165806,0.7616583308907463,0.5347585592631864
158,AshFoo,0.7787790430642441,0.5024372159061571,0.48932926005847066,0.7570997071638925,0.48595422680008704
159,AshLuvsOhSnap,0.7173661644915206,0.767637240422407,0.5977403808746532,0.8918979088500194,0.3269069675653581
160,AshesOfLilies,0.7065678190667909,0.6320251765702165,0.42340250615322583,0.7409498417252063,0.493182175218679
161,AshleighINSANE,0.6472617231743915,0.6379061813277671,0.5608777133724963,0.7647464199529068,0.48543432676325204
162,AshleyNicole305,0.7158559047585153,0.6327920647396669,0.5597315032438622,0.7496203740819318,0.411390383720183
163,AshleySemila,0.700505826510087,0.5934504214616986,0.56592093982943,0.7957449032660806,0.6002444745853713
164,Ashleymc6,0.6237686059820856,0.6176984918573659,0.43027253664291115,0.6993032829911661,0.6104217017894994
165,AshyJonas,0.6958077984965483,0.6337726617344964,0.5146801445021261,0.8183307787521158,0.37629080758817446
166,AsiaBrands,0.8179682129852512,0.6740134062039447,0.6832009165780603,0.7603129294232198,0.3877382336071781
167,Astrogirl426,0.765514617457268,0.5690313427179866,0.478678320979338,0.801315730955394,0.5305717427147568
168,AtlantisJackson,0.7644673127435117,0.6300391239723058,0.5093229413423365,0.7965039985019282,0.42624960892273245
169,AtlzFinez,0.725650348707232,0.6549474154625292,0.5429791837084679,0.8008170100132119,0.4658158464817438
170,Attack_Kita,0.6967010133380972,0.5646400005388598,0.4062590028062041,0.7249273146077506,0.6042050404056395
171,Aurianna,0.7460492743676279,0.7832737304402203,0.663364163081935,0.902416599994309,0.35550436812345276
172,AuroraLee,0.7339381597017132,0.6908415041500887,0.4824224999449473,0.7428473619402647,0.459027794372035
173,AussieGal999,0.7628998407503833,0.6517428665173219,0.561305796155147,0.7958640958874464,0.4418191795091898
174,Aussie_MateLC,0.6946618063478252,0.617466169109642,0.43714458796251,0.7335258478766853,0.5191604810872169
175,Austin_Irl,0.7704504857201459,0.6223154070003406,0.5608963270444076,0.7670172562455355,0.39787780824405183
176,Austinslide,0.7262144953901599,0.5930913896469804,0.4737303183249221,0.6948853342607912,0.5547572302995624
177,AvonteNikole,0.7006645201650107,0.605889028956791,0.4658981724893999,0.7737460551832708,0.477087925745065
178,Avril4everr,0.6894988031239035,0.5902650663616695,0.4875751929410238,0.7832501032008066,0.5302394505572229
179,Aw_Re_ya_2_,0.7284708374258164,0.6949741385018452,0.612429592140989,0.8572636116272748,0.3318829299778988
180,Axleuk,0.7052353319023139,0.5992146071500533,0.4437862562114756,0.7267971007945164,0.4304779634689643
181,AyeBloodyRight,0.6954316195424115,0.5612718968576194,0.4468468094125042,0.7430908825991821,0.6217186180510706
182,Ayla_F,0.6902696410886169,0.5637628948155041,0.4382426689507703,0.7564323121635059,0.6642107427779832
183,AyoMillions,0.7407893851866695,0.720492109779238,0.6283843434728442,0.8813026693775239,0.4007018151557359
184,Ayvii,0.7104208807498246,0.6311049798341405,0.5029730620289212,0.7287948262761554,0.40901241505816566
185,AyyoItsAmandaJo,0.7246934597660912,0.5680265299934336,0.5465844158935746,0.7979210115253266,0.5457146128974854
186,Azizshalan,0.7331218214025428,0.6417655392557812,0.5055960491250229,0.8339015878257373,0.3444848562660189
187,Azleeshy,0.7638715801779911,0.6031155460148103,0.5280778573525944,0.7950029509941006,0.508567208231303
188,Azlen,0.7745728937785195,0.5660988736855344,0.529078323833803,0.809746012601898,0.5111826581090971
189,Azn_Barbie,0.7216259626524995,0.5548356189506325,0.5024433854159903,0.6953248050485401,0.5890703602948667
190,BADDESTNLA,0.7101881061352943,0.5930818224231591,0.461317927904225,0.737623361123085,0.48911732162877664
191,BARACKOKITTY,0.6976542518721098,0.6030622460653425,0.5071965066799066,0.7486885982024205,0.5604067975677379
192,BB517,0.7260111348937338,0.6830129438660871,0.493199532120379,0.8159143224024935,0.37247743918344633
193,BBRRIITTTTYY,0.6800186459469342,0.6315426059266418,0.48149519908383653,0.8231407231761739,0.5498446379609211
194,BD_24,0.7381139763457651,0.6876624657314692,0.502797757594728,0.7293298679963505,0.4877970527052694
195,BEAUTIFULL308,0.6864352060730252,0.6393761972847095,0.6759419486554419,0.8367230241262411,0.48584374296815847
196,BJoie,0.731561668945609,0.697586383075812,0.5753124088845722,0.8634250297621132,0.42566884772080493
197,BLeigh1130,0.7593788882556205,0.641574983039483,0.6449688686822116,0.8370716912605549,0.34988412315412754
198,BMetrick13,0.7301285544320746,0.5365965758214352,0.5369307169902278,0.7840762918024704,0.6683106976716052
199,BOMBkid,0.7084367709727447,0.6039280356118476,0.4119988116835174,0.7432923121711053,0.5481155088455137
200,BSBSavedMyLife,0.7597262398211823,0.5866611889995746,0.529025782795756,0.7829571024979849,0.5568206965137085
201,BTeneshaB,0.7399180000037962,0.6458390298162139,0.42501322348732873,0.8259600747439264,0.4673639452000712
202,BW101,0.7107320748515796,0.5667924936859967,0.4264879701383981,0.7523730258135015,0.5808077149159109
203,BabeNatasha,0.7089235892668777,0.56682232079725,0.522702446049543,0.781945893895228,0.6885130544316572
204,BabyVanessa093,0.7045617243158457,0.6039827028239577,0.5384407253717213,0.800157352052896,0.5036120012845137
205,BadSuperhero,0.6655351699326031,0.5678407759162866,0.5016655222800611,0.7629628371840063,0.70714496348099
206,BalderKongen,0.7138688810554198,0.6233276384828135,0.5069504524337289,0.821975800641897,0.4882666671410133
207,Bambi429,0.715905354780706,0.6951843822139144,0.5788608442085202,0.9000048081072554,0.3399497298157653
208,BananasMel,0.7340004166811568,0.5625891862701513,0.46666364885184486,0.788833495916049,0.5680643780024196
209,Bastante_P,0.6927408657277756,0.49889639754663906,0.4648686968185851,0.6851844398696468,0.689192708976813
210,Bazzaa,0.7379343360315296,0.7136636978527898,0.5727139746394078,0.8491267674917151,0.4700700726816981
211,BeOWT,0.7416148157024754,0.6525426977458657,0.5049404281705496,0.765560088424321,0.37962524414707255
212,BeantownCutie,0.7008968122370116,0.5947142562260158,0.436968770594772,0.7419423684716395,0.581336883812939
213,BearNoiz,0.7754003266879719,0.5726713976145885,0.45804024356005346,0.7090086005777543,0.5507223092647612
214,BeauGiles,0.7317098591085853,0.6411581302796491,0.4828284711572955,0.6863511031803176,0.5811391884591769
215,BecReedman,0.7472289929216678,0.7155567324215143,0.5347509191836899,0.855582274243095,0.30509902349438656
216,Bec_ladypink,0.6902877915675458,0.5188347140652085,0.503086197771154,0.7421232110598488,0.7145687118528213
217,BeccaDunnxo,0.6740001345476381,0.5871925840031569,0.5533134107503528,0.7670621545212671,0.6026451177565034
218,BeccaxVipx,0.6386493190311285,0.5920574398845547,0.40575954508981793,0.7481946064430366,0.6004615475863678
219,Beccixo,0.6873633940879327,0.5563322402097306,0.47503112876611076,0.6736629667802708,0.659282858819528
220,BeckyC3,0.7202111395526548,0.57956848326897,0.4417906162814931,0.7357072579408266,0.626428690717462
221,BeckyFletch,0.7083750197577642,0.5939720707011475,0.4997555538438888,0.7879736025076064,0.5523187278931919
222,BeckyKingston,0.6857938287687589,0.6689755640241932,0.4648192372940928,0.7685492778015619,0.5683147815648203
223,Becky_x_x_,0.7286985733951827,0.6227763997006247,0.6214775972354587,0.8033630310866813,0.5481727144554375
224,Beckyrudd,0.6722660422420234,0.5552185847071145,0.47529410569002317,0.7591901283469562,0.6462142707404593
225,BecomingBella,0.684244881612573,0.6440862445474437,0.5513060025305883,0.7903028011949638,0.41938933448153415
226,BeebeONE,0.7488558922649359,0.690196196051815,0.5873836116775271,0.7988046441710661,0.45316675107239257
227,Beever,0.7193544835733492,0.6072640935489406,0.5076312952435257,0.729543776930401,0.7110464438692942
228,Beeyuncah,0.6605917184804216,0.6067833599625034,0.4677180875609826,0.764784373239844,0.5476155849192471
229,BefiBeez,0.6846443430774043,0.5960486602573203,0.46967540971149757,0.7859459358191365,0.6983020210103431
230,Bekah72,0.6954595528362366,0.544155152704104,0.4725986065512917,0.7703716337610866,0.5769564710826897
231,Bellaleyla,0.6794433951207512,0.6464174112538186,0.5653548501495828,0.7977761290545,0.5042919241946441
232,Ben_Hall,0.7437306430705858,0.5937568951923821,0.43920588544044453,0.6880151293564358,0.4959702108916252
233,BengeeB,0.6746806676474444,0.6304353698709334,0.49263604111464215,0.7953115851125514,0.6071274336775984
234,Benjamin42,0.7018545077265574,0.5972090212835729,0.4379993166419009,0.7307323280346689,0.5573688007995207
235,Benjimonicus,0.6873394310871384,0.5283020900655973,0.424907582910528,0.6394781708579438,0.763690164396665
236,BertaWooster,0.7029460496569118,0.6990995420253625,0.5417939706417024,0.8629864180494575,0.3844493156469303
237,Bess182,0.678852004860682,0.5555455594178846,0.4248907819614808,0.7667074590526783,0.6807994712098319
238,BethHarte,0.8029929113890772,0.7339121725478392,0.6795300544748326,0.823952456358791,0.40088337058413737
239,BethanyAnn614,0.6797174404752531,0.5648143732458106,0.49192783964368436,0.7273027023780331,0.8782110053909674
240,BethanyMcFlyX,0.6723543444179113,0.6372354840156803,0.5067966707258232,0.7810716457655632,0.5835997107154872
241,BevClement,0.7753787762117739,0.6652838903897786,0.5071171057375206,0.755223760720473,0.4124433273005449
242,Beyy,0.6974535610378507,0.5757734553991857,0.5391862704096968,0.7579171081509668,0.6015671827584667
243,Bhooshan,0.7775642190143499,0.6514681117950538,0.5054087155877061,0.7737113133648514,0.447527133651627
244,BiGVixXen,0.6836226355078251,0.5064652940131775,0.4285475424459688,0.7213251334873452,0.8186070106492996
245,Bia_Loves_NKOTB,0.7329411027685983,0.656875640419923,0.5609340811589442,0.8587058618811458,0.42384444227360996
246,BiancaCruzer,0.724948542547989,0.5624656053592716,0.5005364751164517,0.7490123589778733,0.573603346276664
247,Bianca_Bonnett,0.7073950179781108,0.6251996127381563,0.4959406112775062,0.7690505991244916,0.5422596944219945
248,BigAssBadger,0.7519086928127275,0.6373659922711694,0.5358435344738302,0.7779073359807652,0.5368184460409514
249,Billy3G,0.7231193002414826,0.658084854329936,0.5402229256142348,0.8690170053954338,0.45016446634853347
250,BisForBecca,0.6586890614935131,0.5365245583911262,0.47009969075396313,0.7236867441504158,0.688087696943588
251,BiscuitKing,0.7119335079234621,0.5631357476930103,0.4382717810196079,0.6854922666359895,0.5966152367032945
252,BitchenFries,0.7616892665045348,0.6085593006798906,0.5708379476127907,0.7732555011987909,0.43920267694896375
253,Bizarre57,0.729636089519059,0.5980937253091938,0.4888629613408709,0.7904111726230101,0.5173712034794539
254,Bizcuits,0.7343262899254691,0.6314846066263691,0.4940323890613982,0.7621299833726598,0.44647261812694816
255,Blanquis26,0.7715381244225321,0.7724905592710315,0.7046966148527436,0.9280748095855185,0.33485864433213786
256,BlazingLily,0.7661404851784526,0.7535377474716967,0.6096612223203006,0.8945672146403658,0.36064660991937225
257,BleuMuze,0.7758909645660438,0.6906819915925371,0.6119386847638871,0.8508679976217655,0.4582698441662115
258,BlokesLib,0.7482611845600549,0.6207398425004915,0.4844458541624259,0.7444729871636004,0.5494728935152592
259,Blondore,0.6990091244313482,0.6324879533872605,0.46497594605326,0.7445881023391339,0.5974521993867702
260,BloodyRoseProd,0.726489221425137,0.5896460158424115,0.606388635890044,0.8492145563454164,0.6525186657953496
261,BlueEyedGirl18,0.6630198070424701,0.6012588374558928,0.438990596894735,0.7475686471955869,0.566910805321663
262,BlueEyed_Cat,0.722320787304677,0.6266777270620789,0.5562081562940768,0.732549277509611,0.5755038351414518
263,BluePhoenix1,0.7160157785943051,0.7127542170917996,0.611208810068072,0.9088407572070965,0.3940846505828167
264,BobaStacy,0.6855217036133969,0.663731073790849,0.5666597439093825,0.825501077495592,0.47530316960127317
265,Boddingtons,0.741443836704411,0.7274409196119609,0.5655991608633543,0.8605740593399909,0.3958856897456128
266,BoltClock,0.7367956702220504,0.6453450140570368,0.5190782850573996,0.7148674284876116,0.6321637731073165
267,BonesCrazy24,0.7307429651607955,0.6011214261127275,0.4875308566151819,0.7724765528215939,0.6095009148203173
268,Bones_Fans,0.793076458828886,0.734891295291795,0.5784975766447553,0.8883964559481081,0.3997819136735584
269,BonjourHoney,0.7506847282492124,0.5074845283870604,0.43402179937595337,0.749565127193508,0.7284743173571412
270,Bookwhisperer37,0.7469694653795923,0.5955013568460037,0.45256302190708864,0.7310485513373093,0.5682756898228275
271,Bopsicle,0.7163015515245937,0.625795865362747,0.4803212443638132,0.7829500888285197,0.45602339377397294
272,BossLadiToya,0.712279328734603,0.661842979734806,0.4938333381079577,0.8105029054305932,0.46035687002560033
273,BossTycoonLZ,0.687008230284167,0.6146992511713427,0.5022461800543259,0.7531106962526042,0.4735333561767069
274,BostinBloke,0.7635848193846835,0.6992261094841332,0.5952838517097266,0.8166830103745405,0.5497158995443824
275,Boutiquing,0.7524312459784953,0.6462352455769513,0.6389409817289812,0.7536747604568147,0.5115690619537124
276,Bowl_the_Bunny,0.7549860447045222,0.6050698296833613,0.501819400578303,0.8273549154768226,0.5541000887075972
277,Boy_Kill_Boy,0.7259065868495436,0.5248319830161499,0.4354377502582874,0.712426462495678,0.6210731933857984
278,BradleyJean,0.7322195378252091,0.6467870996584129,0.6240977533300001,0.8537318471501569,0.5033955562072249
279,Brandieee,0.7400013117217081,0.614083658137651,0.6155499138032205,0.7715181678272992,0.6497400137930972
280,BrandonGorman,0.7145647625589571,0.5963958708575261,0.4902861188111356,0.7185058916285457,0.5913251679683794
281,BrandySanDiego,0.6886534316708216,0.5549375970833597,0.506528955126085,0.7300029763648563,0.7303957993222253
282,BrandyWandLover,0.6636242907177079,0.6020687231180571,0.4893477534510574,0.815084017808431,0.6837959245859911
283,Brandystrippers,0.7099697432069911,0.705773718266995,0.5813308283876483,0.8582238893585173,0.5529109361401238
284,Bre1331,0.6491627464545642,0.5742503441079277,0.4327460819756359,0.7338407305376218,0.6780783947485224
285,BreakDancingAmy,0.7155245699783843,0.536770792378006,0.49164063301266714,0.6990716903125617,0.7352964343503329
286,BreatheSuccexy,0.7561805223971745,0.612697320818818,0.5164673723509076,0.744362593566027,0.5680628887017048
287,BreeRulezd00d,0.7317287869190712,0.580189594788694,0.564975374613343,0.7804702655758756,0.569632104289654
288,BreeSymone,0.7386288799824986,0.5857464991047692,0.5331944922123824,0.7186325805210362,0.4987698814464968
289,Brenna_Bee,0.6827024257498616,0.5784041573263987,0.5360928668172352,0.7022702483981096,0.5819754194299461
290,BrentLauren,0.7339552783400424,0.5783951279609432,0.4652468986042107,0.7474078288039112,0.4646634819891856
291,BriBri2007,0.693789998879666,0.6275684953355476,0.45311364346489236,0.768329557955774,0.4403395705110439
292,BritBritL,0.7014269691444494,0.5993843147403475,0.5427584998085799,0.7538952114700901,0.5484972377919005
293,BrokenSword,0.7417244751240918,0.6473874644043632,0.5730831334200428,0.8232250568621997,0.5521257855673459
294,Broken_Vibes,0.7191627128531489,0.6093050682363648,0.45466726437136723,0.7147520036027026,0.5656949903902818
295,BrookeAmanda,0.6838518113383724,0.549302833657332,0.4406958461339261,0.6730169782955251,0.6659650087654411
296,Brookie24,0.6415682013913848,0.5387632756272747,0.38607017049725223,0.7212722300714116,0.662105390487754
297,Broooooke_,0.6569295509306933,0.5843235018439455,0.4982700584826246,0.7856636012981025,0.6104509099558596
298,BrunetteExotica,0.673947766330137,0.6142119808286644,0.531385668154662,0.7688509805239423,0.5182251284814162
299,Bruno108,0.6833620394535486,0.6457830680090968,0.4725641812560686,0.7753781519152152,0.4743388984633524
300,Bubbles_Fly,0.7005979780316963,0.5625450034807992,0.389319588661755,0.7556927488129332,0.5209640493709363
301,BuckeyeBrownie,0.6690041076910498,0.6838303628594778,0.5714913124254977,0.7876389128111411,0.45158356798983357
302,Buddythepuggy,0.7330635612867578,0.6149146911859382,0.5316221374873796,0.7706417641541817,0.5530250151741901
303,Buffalo_Souljaa,0.7188778394955574,0.6260696042731159,0.46704343997350717,0.6767331413286766,0.4951941756388306
304,Buildabear96,0.704125387419253,0.6731295699544285,0.5714236257495817,0.8902355464237878,0.3444568940175058
305,Bulldog36,0.7313077721881386,0.6901770605618167,0.5518520667376168,0.8206466187849153,0.3320471919450737
306,Bulletplug,0.7222547468632089,0.6002645207930631,0.5136868278327689,0.8564425785447285,0.35970048563653145
307,BurgerBradshaw,0.7732962985458098,0.6858178578275915,0.6292508074269286,0.8872940637448414,0.46223451447844377
308,BurninUp4UBabyy,0.6884662392057167,0.6078134448502948,0.4978970140838937,0.764251312166563,0.5219484406691931
309,Button84,0.7276264589516765,0.7003473312440136,0.5903063915187674,0.8257330271588071,0.4153509459752781
310,Buzzyboo,0.6254070345960185,0.5260199572223819,0.3731392673137256,0.6969077259344199,0.6436144266908753
311,Bvictor,0.7006841717661298,0.6752387001439647,0.5719777470559079,0.8312400075361168,0.49295371378960817
312,BwaySaint,0.7960037523758017,0.6305449472213704,0.5461705751197579,0.8144780568920503,0.591229981181994
313,ByDezin,0.7657655224516651,0.7727697662277478,0.6605426641194214,0.8877577074801608,0.44342535394319904
314,CALi_Cutie,0.7260421299360169,0.5639551500810488,0.5173779871904655,0.6658455294616783,0.5003791530740015
315,CC_Cassin,0.7811372650491488,0.6728640801613817,0.5999164836097852,0.7929095908670246,0.29036199134101304
316,CEPSocks_anne,0.7053021640909862,0.5597772306018042,0.5058616475727022,0.7843433270937645,0.4780453746013057
317,CHELSE4,0.6799859049992396,0.5298162020006953,0.48186417170739665,0.7037288119620724,0.6252117040000845
318,CLAiireex,0.6415642352551972,0.5627947502799954,0.40488459969461194,0.7017526166122828,0.767680145628533
319,CMCx,0.6643342057404964,0.6911489602928313,0.5838053459851171,0.7963843979577037,0.502009637859499
320,CMoz,0.7305135673915603,0.6743258126853886,0.5412975940168316,0.8587008258393541,0.4218086861565288
321,CSI_PrintChick,0.7262424051953349,0.5720196354443553,0.4957070081162575,0.7857304463885106,0.5552257992924629
322,CSSVT,0.7298341311003542,0.5766089937273886,0.5012229171807115,0.693771194110617,0.5034154394637097
323,CT415,0.7449581860603544,0.67852582295944,0.6041180937411927,0.8025331675426506,0.443399802327645
324,CYDARAELISE,0.699978867428373,0.5634763874406286,0.45395213609476553,0.7402487686817334,0.5744183335581757
325,CYNTHIAMUNOZ,0.6960911654164941,0.6091287182840214,0.4899242562152552,0.7692273854533442,0.5717221643785718
326,C_DIG,0.7414194174491586,0.5792227329759222,0.4994786749190464,0.7410797541165404,0.4634233974533236
327,C_Joy,0.7304047757792607,0.6630658543923087,0.5004838124563888,0.7613636953095628,0.4902390699146769
328,CackleberryKids,0.7473790602146368,0.7355042110720527,0.5590224126920382,0.8810032952663729,0.3595608198627124
329,Cadistra,0.7495821294813576,0.661335778537408,0.5511708942722033,0.8746325178587862,0.4611437796278478
330,Caiteee,0.6932281185346743,0.552620615954071,0.4551919687125008,0.701420043689541,0.6985138121143079
331,Caitlynnnnnnn,0.722780539054953,0.5848562400172053,0.546366457871594,0.7673952968063777,0.5829599744499431
332,CajunFerreira,0.7717561268348656,0.7045622179677912,0.6254056596309825,0.8321314700841105,0.3914857455523423
333,CaliBelle,0.6907743783178207,0.5970781000331109,0.49981834150586085,0.7151607068103714,0.49595617562012373
334,CaliCG,0.726499975309198,0.6674327807706248,0.5039701000459267,0.7792352162933649,0.46504685578001437
335,Cam_Anju,0.7629372610034363,0.6644619807377757,0.5022411433599394,0.8004703553348542,0.5060735000935649
336,CanadianJennie,0.7011412674830145,0.6647107885861849,0.5604671334345411,0.8162624947843928,0.417930202935627
337,CandiceKei,0.7532978244091778,0.6103766605130512,0.5666916248179007,0.7924157246435324,0.3904340652497259
338,Candice_Jo,0.7297066301840566,0.6550716723359602,0.5091816911127566,0.8019875993762162,0.4676121419497411
339,CandyGirl24,0.6951684893154837,0.634050637565549,0.5020219986224796,0.792045161873881,0.4199037164403284
340,CandyWWGM,0.7296172803999907,0.7363113794694529,0.5922900165234998,0.8524605595661741,0.4333259113220057
341,CannonGod,0.750747306444162,0.5438819086113296,0.4440344649352397,0.6668404790247633,0.5912647784857382
342,Caprica,0.6962147669162615,0.5328978129258601,0.4550620217602216,0.624195525104575,0.6299547736052323
343,CaptainClairesy,0.670291306170799,0.5394980026515651,0.4643171790568996,0.7343667572394453,0.7170332409097865
344,CaraLikeWhoa,0.7527365356871896,0.6389985984290881,0.5382209227672782,0.7947216304088534,0.4966121349382794
345,CaraNinaMcfly,0.6696690285375143,0.6635361745390025,0.5497724155017545,0.8428980817684832,0.5825933882477029
346,CarebearJK,0.7100357725348738,0.6822252527957872,0.46941263553084034,0.7982541547560891,0.4930222202033837
347,Cari_Dale,0.736588036551476,0.589031744779959,0.4962953011470411,0.7648866464892498,0.5700425909590278
348,CarnellUNYC,0.7519900794430989,0.6298882451028704,0.5165616324718127,0.7607732554446115,0.36751643544907375
349,CaroMcFly,0.7070742506813479,0.5654338597510516,0.4596886321363596,0.7326270066606638,0.5534480131611671
350,Carol_Clements,0.7296074038305876,0.557697233599855,0.48455327380376734,0.7829609202369272,0.6683763887974171
351,Carpediemcymru,0.6809691868631225,0.59883762159696,0.5256696373254655,0.825617499205914,0.48869278307763986
352,Cass_fryer,0.6878995726207695,0.5499202470138753,0.4479172791762229,0.7713314597345564,0.654568926386124
353,CateP36,0.7365429271487794,0.6266289737735915,0.5228099132938444,0.8060659500132523,0.5204566535204987
354,CathrynMarie,0.7074045630731637,0.6257812170250288,0.5383472518122686,0.7889268090500905,0.4260011098467741
355,CatiaDestine,0.7604827618570017,0.6007261935755829,0.5884416368308655,0.7603991814636892,0.39250917595817236
356,Catmoo,0.7114164756942393,0.6338425450956366,0.4567826514016503,0.7653033907285194,0.5803661005995492
357,Cause4Conceit,0.7563680525266663,0.6475626152533275,0.6291977909425328,0.7948699438349902,0.5003141878067877
358,Cavatica,0.7623252788247472,0.6451612891862805,0.5689145997023788,0.7711770917334779,0.4519350228517046
359,CaveBabe69,0.7389938270658887,0.5469999633955205,0.5201822717005705,0.7336057525077802,0.6438835581394761
360,CeLine_XD,0.7597465887428723,0.5252720483803499,0.5064883739934269,0.7240925649731604,0.587668778182651
361,Celticpussycat,0.7235353661787696,0.5655316832905265,0.4481173781305646,0.7434772646956498,0.5505248077382253
362,Celz29,0.7030332075681879,0.5989020779260645,0.44608973884488606,0.732536641370135,0.6016945363697429
363,Cephikun,0.7512832045741618,0.6579938418579874,0.5332726320188103,0.7924072155603558,0.5572681270534344
364,CforrClemmensen,0.6733983341251881,0.4765201326629122,0.42437148451143625,0.684927950865396,0.6611146335336832
365,ChEmIcALbUlLeTs,0.6867688822086406,0.5898961114815455,0.4672342482444165,0.7497707836713128,0.39828378123387276
366,Chad_Lad,0.7146141696636744,0.6385894816721509,0.5198029169808767,0.7996794542488737,0.5170123368529799
367,ChampagneRDub,0.7091038287490494,0.6224031686784016,0.4854636355033337,0.786000123233084,0.5094269109462969
368,ChantiParnell,0.6835477142626543,0.5869387510234593,0.47606739565013106,0.784802934633618,0.6013805111442115
369,CharleneBx,0.7071429726033928,0.5749335595270701,0.48400360983269336,0.7392892310740802,0.58650072231242
370,CharlotteMarie,0.7514587283977797,0.6334972956148723,0.5432746976288565,0.7681912737264426,0.5285892755262308
371,CharlotteMcFLY,0.6766235606865031,0.5570702951690385,0.46727963206374395,0.7209339634095053,0.7041078683742062
372,Charlotte__C,0.6397148649565771,0.5362731632007612,0.4573720734522154,0.7478478990009239,0.7119939054332901
373,Charlotteis,0.7405182300235167,0.6014228954131866,0.46916745724674114,0.7329897208274047,0.5758036350653745
374,CharmsOfLight,0.7456219044574984,0.7397316956123464,0.6372130745226209,0.8993820757700598,0.4320185999699516
375,ChaseTheChad,0.7046470239555304,0.5843983506801718,0.62520790959911,0.7658613257117344,0.565379229801182
376,Chaveeo,0.7279024518958841,0.6993241815485174,0.6140375432838456,0.8191672987476526,0.39938402996286493
377,ChazzyCat,0.6844235771193893,0.6182896729548762,0.5168922311158354,0.8357173815601651,0.6626225917471954
378,Cheekynath,0.7229073467560199,0.6321118580895266,0.5611777301742111,0.749459432699944,0.4395644023131572
379,ChellyBum,0.7106976641192455,0.6126732455703948,0.5076408713918492,0.7497124134724633,0.5439990397982241
380,ChelsDuff,0.7132926088644713,0.5688050722712356,0.49598631549448674,0.7414900821111985,0.6674445643951911
381,ChelseaHatherly,0.6898998626430217,0.6160177581783207,0.48100977968142705,0.7278757397480524,0.5858977975332541
382,Cherrim,0.7422616088084979,0.5780154074050696,0.43570648802227774,0.705661905365752,0.5228157709715772
383,Cherye101,0.7250486834156088,0.6757185378462098,0.5437455083244339,0.8197864244873873,0.4495167672544097
384,CherylH77,0.7079155694040578,0.6389761746709494,0.5371545190856166,0.7987832959677112,0.48855303789148985
385,CheyanneBrae,0.7498038854070256,0.7055765643873778,0.586532831485933,0.8090656973535271,0.37648548852023234
386,Chi_twnzfinest,0.7372716697852774,0.5682741361824657,0.536557042202888,0.740207804500076,0.4761774739063126
387,ChickenStudios,0.7100641197420413,0.6295520361279019,0.4594709283968656,0.6968559689015403,0.4068284884611634
388,Chicklet7,0.7486113152884926,0.6562355100141479,0.5011256333484362,0.7378249203525378,0.43045876569086994
389,Chili_bex,0.6928958145828779,0.6614204377164824,0.5018823772851247,0.7563275050281952,0.5387048609574
390,ChipRPI,0.690601783304848,0.5726036229539037,0.5169025668409573,0.7323694372663023,0.6227548559466255
391,Chizzlewit,0.7030592947654891,0.5909482703424824,0.43894514050131833,0.7407722585797233,0.6754334020713711
392,ChloeStack,0.6784433462947126,0.5763929022172649,0.438279677120497,0.7412139623307887,0.5725450628826477
393,ChoclateCtyDiva,0.6665807302557751,0.6114510975437499,0.42847397738954224,0.6930739836261608,0.6137215510867383
394,Chocolatedonout,0.6906244888848433,0.5988534187716262,0.43799855844006685,0.7500481074155819,0.5908583166231492
395,ChontelleBourke,0.7339027076236356,0.5533088085340623,0.522057376646246,0.7690631437998479,0.6669979585955991
396,ChreeesDunn,0.7209585274102787,0.5540051839982845,0.5112886980660309,0.7439771373742617,0.6340262372106101
397,ChrisAGriffin,0.7448564687131495,0.6853922696550875,0.6145230509858136,0.8634534100016771,0.35562478715467216
398,ChrisGN,0.7687065306427142,0.6059821055650898,0.49629284822163766,0.7519022695458903,0.48029342292685706
399,ChrisHFilms,0.7171894768552796,0.6693082409696863,0.4443452209596186,0.7265582298699115,0.4549443965435719
400,ChrisandCal,0.7452321545134698,0.6565962170827893,0.5336098966424997,0.7484542589425615,0.4900032733204339
401,Chrissy_L,0.6860248389412106,0.5511806036458313,0.40375483882307905,0.7318367424558752,0.6302638498064551
402,Chrissyisms,0.7609166964316332,0.6833942234788798,0.5987359240931083,0.8749637317980608,0.37718476495631614
403,ChristalWasHere,0.6925674172028036,0.586283130569571,0.4826463923709362,0.6848126545873199,0.5777606934980509
404,Christiegarcia,0.7411037793452131,0.6964422988538713,0.638807476475943,0.8877375724180514,0.4357904514379717
405,Christyxcore,0.7112081831726523,0.5906459996428444,0.42768848067910636,0.6705307105073316,0.5449926979953806
406,Chubbx,0.7466778309957218,0.5947525460661042,0.548170308426269,0.7843050494888338,0.48215429318503433
407,ChuckNerd,0.755063720899459,0.6564823175519505,0.5559835499772834,0.8405150955490909,0.44066763967821154
408,ChuckSmith,0.7957856013326121,0.650061774477969,0.5425311731787548,0.6882795612282775,0.46992821226134873
409,ChupaCabras69,0.7286962560228379,0.6599908871337615,0.6040747448983871,0.8061100224843643,0.580614019263494
410,CierraJ,0.7487546817338477,0.690633301911604,0.6240362919425928,0.8497959535473524,0.5326795033690862
411,CindyheartsJon,0.7312554099658536,0.6616489044501649,0.6007977322803291,0.8622276577248913,0.4972034042228918
412,Cinnny,0.7085515770523687,0.667954454966577,0.5884228844412411,0.8399350677510398,0.4866383124625612
413,Cis826,0.735732942160439,0.6531276752648897,0.6305561595457678,0.8667861850991664,0.4410144660745855
414,Cladia,0.6912401405778277,0.5370743671404813,0.4968492966192784,0.7137023593332279,0.6966993740471222
415,ClaireL93,0.6222099752463067,0.5654415162270205,0.3716010455770038,0.7021244712952494,0.6355424964132025
416,ClaireOJD,0.6565112004203983,0.6250208342558237,0.5302609523222493,0.7066516506452185,0.6617291926593877
417,Clare16JB,0.7521653983452472,0.6794107990650698,0.5605386583364383,0.859653181435498,0.364201539789318
418,ClarineV,0.6704615943937372,0.5976777101928712,0.48537451934861936,0.7691006471530175,0.6648606725261649
419,ClassicSydney,0.7217626762780539,0.6118503663020648,0.5743609222445349,0.7860287601113367,0.47135785346734005
420,ClassyFreshCool,0.7029192736310397,0.5994083661448136,0.47212181255857577,0.7372578898838933,0.5338773222037693
421,Cletae,0.7111124229743497,0.6797076866796224,0.5372784720188559,0.8363239068519873,0.4591077076002831
422,Cloeee,0.7219645057564389,0.5973489578147271,0.4985121481651177,0.8064419172571258,0.6463825128004655
423,Clumsyflic,0.6723869784195176,0.5808133386754696,0.4689941404064024,0.805017559772463,0.6966880300339587
424,CoConutShelle,0.6346926520100269,0.5742705339547116,0.4724285495666815,0.7289685006881017,0.811715597508852
425,CocaBeenSlinky,0.6979830913671113,0.6412954279467407,0.5465898987677362,0.8416508121760798,0.4495088431313595
426,CocoaGeek,0.7680759327842664,0.6600370034660754,0.5095682095405134,0.7294581514509291,0.5445073421039991
427,CoffeebreakDMV,0.7368497874523061,0.6106163720000043,0.5517483968165608,0.8024546639318118,0.4191611521545914
428,Collette87,0.6661479267336892,0.6610960336928462,0.5030146501708603,0.7641368639871788,0.6007580217378082
429,ColtSeaversPS,0.7406603498358838,0.6147821279280202,0.5230408925912888,0.7468809570223864,0.5786189369978286
430,ComcastBonnie,0.7507898896576569,0.6166511985157699,0.5164404955492388,0.726486831597331,0.41318237217132514
431,ComedyQueen,0.7292528091995732,0.681017120222296,0.5144353932661803,0.8367771106966235,0.4560248635221503
432,Commsguy,0.715998491264583,0.6630163455503575,0.5577611350643572,0.7558357771274945,0.5555526455921734
433,Connl,0.6796108609243815,0.6522625123240746,0.5046957873856059,0.772267177603446,0.44612865264862955
434,ConorMadden,0.6581407494339017,0.6236076477985824,0.49651364944454834,0.7575327795075977,0.6398734660157904
435,Constitutiongrl,0.755266915701591,0.5989725277671045,0.591203790053149,0.7949542507099439,0.5328306043033896
436,CooperHawkes,0.7947988013321372,0.6347317657429504,0.5331968651151714,0.7199707472382055,0.3751290000271238
437,CoreJas43,0.7208651596651902,0.6932448799145917,0.5560296279186209,0.9206958355036896,0.47304961691166747
438,CorinnaHoffman,0.74309063947918,0.6155983242392519,0.5440122766957164,0.8076684133676588,0.5324046196452036
439,CouchSurfingOri,0.7950449622462972,0.5711879548265116,0.4644325737858495,0.7299862382687434,0.5296551074913344
440,CourtneySit,0.7307604106615049,0.6413920389338362,0.48084108982771184,0.7966766824369916,0.5143498381736377
441,Courtney_Meow,0.6988389891230895,0.6261595612656972,0.5300502767055999,0.7945028168054231,0.4767372698385669
442,CoverGirl_76,0.7203142551954901,0.6147818443235643,0.508762826013638,0.754737897473874,0.5529649157968611
443,Cpt_Oblivious,0.7477200076395335,0.5857551698332734,0.438221753752268,0.7395522068001092,0.5270269162720685
444,Crackberryfreak,0.6816764140983168,0.5904436928164745,0.4476856421447071,0.7095733510984177,0.5005559505933105
445,CrackersHunter,0.7114158639894211,0.700283251589508,0.5217361945286987,0.8217851381275096,0.664027589668604
446,Crazy4Jericho,0.789948624395469,0.6660374156109063,0.5729588546048083,0.8291306331344817,0.39316230004245634
447,CrazyMadThing,0.7135868655500037,0.5923232318380612,0.5025227792931248,0.7554114623051369,0.6348633017488629
448,Crichton_Kicks,0.7507934013663942,0.6342967257003822,0.48748715889513117,0.7939709942154912,0.49526167084720407
449,Croc_Hunteress,0.7356190321338322,0.5408874508460301,0.5087664155824927,0.7671274303976205,0.5883286162502847
450,CrossCultural,0.7763682163048629,0.6344094976673244,0.526361249142188,0.7340875005620281,0.6024981855934589
451,CrystalJanet,0.724351149436424,0.6669019338655782,0.45942555601819957,0.8139541812597182,0.49673090643833484
452,CubanaLAF,0.7204397896606374,0.631954822497879,0.5588340407357062,0.7798354798631584,0.6030838561095114
453,Cubikmusik,0.6829567304208626,0.675882515078406,0.5177940620434405,0.7761314083347758,0.43002422139391905
454,Cupcake1012,0.7392521898080087,0.6465239596899756,0.5473136722043926,0.8527632228518122,0.4463118486891252
455,Curiosafmmb,0.710823780705358,0.6723005926035656,0.6439606622042231,0.8706164931206153,0.3893185393127764
456,Custardcuppcake,0.7228947549682342,0.6336353543543839,0.5177098545165628,0.8177254868783514,0.4435205786123587
457,Cuttersftbll,0.7367544407411194,0.6693265280245548,0.5485470392997757,0.8214958788211885,0.43689721493821787
458,Cwluc,0.7442542335955132,0.573504394072382,0.4471498785648207,0.7224142353322925,0.5289773945292188
459,CyberEmma,0.7368430503430959,0.664623940266145,0.5093945607719931,0.7769810526745597,0.4129343072909263
460,Cynnergies,0.7448645004341686,0.6176831245914058,0.5565630579121471,0.8221461906377596,0.4392682222909604
461,CynthiaBuroughs,0.7703030010531331,0.6141278820290282,0.5039706688394276,0.7871361566691146,0.5461892089154977
462,CynthiaY29,0.7842482284733647,0.6879058246504239,0.5602590870834226,0.8642120736974062,0.2984798294778498
463,CyranDorman,0.7609724033998236,0.5885476536104571,0.5527922744498263,0.7803877237935006,0.5858498714584156
464,CyrusFan4Life,0.7002423396167997,0.66356000260463,0.5800089422323306,0.7963668222277693,0.42539369865703713
465,DC_Zol,0.74620781359023,0.6264644610187668,0.4637720947449162,0.6840106828617201,0.4275398951945041
466,DIYSara,0.7647649210653855,0.6309266927767156,0.5213933461943409,0.7781892418495961,0.461858671132679
467,DJSMOOK,0.6746953748322687,0.5788738566302339,0.46585782626028427,0.7767528824825742,0.5866188307496619
468,DJinDia,0.6977057871118753,0.6183063747172143,0.5484903969788262,0.7492090641426873,0.6431233462775138
469,DLDAVID,0.7056923965977577,0.5946657941259393,0.4634674113070401,0.7826848837985809,0.5526164636763843
470,DNiCESEOUL,0.7481288456353642,0.64589815087149,0.6030919145971636,0.7487692760254483,0.4240686520565701
471,DWgirl4life,0.6966331713272288,0.6127969240552239,0.4528143763332089,0.7872972330213811,0.6195173991239619
472,DWsLala,0.66013988950381,0.5616067166765145,0.4663714270240089,0.7097235479588196,0.7091585299825963
473,DWsRoseC,0.7422617545153697,0.6141938733442025,0.5734737164949293,0.7836384953285528,0.577888183069953
474,DYkEY_tYPE,0.7150313944987301,0.5934329047108515,0.4979666511299745,0.6896826824240343,0.5115026096164085
475,D_AMAZIN,0.7337642436233128,0.6252608830324649,0.532039136920412,0.7101173174838257,0.4112677776852335
476,D_Child,0.688769042617394,0.5822855526426216,0.4465865830088145,0.7567974524419012,0.6794007210833092
477,D_Rox,0.723284946684047,0.7341307223596403,0.5515786635609904,0.8423920908523379,0.34310374321920045
478,DaMaHug,0.7322742018115408,0.6666568130773115,0.558848401726725,0.8323888719234007,0.5225942274206096
479,DaPrbmChild,0.7296047711813911,0.6438170587500701,0.5250545846236822,0.7791838070953209,0.3628361243201942
480,DaReal_KEEKSZ,0.706304930379754,0.5665351066206846,0.47661160261306523,0.6810192679004788,0.6763600829753228
481,Daddys_pet,0.770136764905063,0.7269790661018818,0.5434493529802746,0.8676113226938658,0.3035900294023802
482,DaeHyunKim,0.7095615592033335,0.7354854324248864,0.5531491411746161,0.84254281923638,0.3551873569273253
483,Dailanche,0.7777137418939345,0.5388056062464693,0.4833057159196538,0.7353741586670882,0.5866693397564452
484,DaisyFab,0.7007032749401702,0.5851389047001256,0.4606412710353265,0.7052293366762004,0.5930833839517552
485,DaisyReyes,0.6948066788784315,0.6345690234236978,0.4886784309752118,0.7917972263614683,0.5076778106576766
486,DakotaCassidy,0.7849359563201683,0.6122684946093915,0.6085377456415875,0.8204380040491218,0.4036271762483471
487,DalekGirl93,0.7109185286221106,0.5465696764881006,0.47820499725732324,0.7435192943230706,0.7156777255870294
488,DamienCripps,0.7471694154867882,0.7132906297771021,0.5807283262233389,0.8292197891175628,0.47797883256520046
489,Dancer4Life13,0.7002194863635466,0.6094941808792792,0.5240518764894386,0.7955659197431347,0.43595710419213185
490,DancerJess7,0.6579047383984098,0.6046101275363658,0.5212902403851339,0.7759931296094785,0.6253747379999494
491,DancingDuck,0.6816969414290422,0.5665565899911365,0.41661254700322803,0.6727186723933809,0.6095217527494027
492,Danderma,0.7383364246588311,0.6262955924187059,0.5372956431922578,0.7509056554646341,0.5085805244281806
493,DaniMehtax,0.6615243131043466,0.5791538476262881,0.4760697058394102,0.7514511463659639,0.5323098047576463
494,DaniScot,0.6966581367447843,0.5053476722901687,0.41534979862479715,0.6739721890506283,0.7514266395346011
495,DanielJUK,0.7596247029099907,0.6133099484102353,0.5474290922178765,0.778840418366834,0.511046873320088
496,Danishbrunette,0.7022292632133882,0.6554786596733593,0.43203414939681034,0.7664479688778514,0.5259046093586205
497,Danni41,0.6926849395541614,0.5517925066367467,0.45504710678079097,0.7809118717546498,0.5542483764673148
498,Dannnnee,0.7334172725882669,0.5595011203260223,0.5511110797754765,0.742140264367111,0.5177047487099932
499,DannysGhirl,0.678217859534325,0.6082194524531304,0.506804442051219,0.7929913477152856,0.5684926518481118
